지점,지점명,일시,평균기온(°C),합계 강수량(mm),평균 상대습도(%),합계 일조시간(hr)
90,속초,2008,13,1415,63,2224.6
90,속초,2009,12.8,1420.1,61.1,2185.2
90,속초,2010,12.3,1283.6,62.3,2065.7
90,속초,2011,12.1,1656.1,62,2043.2
90,속초,2012,12,1217.7,67.4,2101
90,속초,2013,12.9,1115.7,65.7,2439.3
90,속초,2014,13.2,1099,68.3,2386
90,속초,2015,12.6,1127.7,67.5,2413.6
90,속초,2016,12.8,1333.8,68.4,2205.3
90,속초,2017,13.1,1208.2,61.6,2497.9
90,속초,2018,12.6,1777,61.7,2421.1
90,속초,2019,13.8,1355.5,60.6,2543.1
90,속초,2020,13.3,2085.8,61.7,2447.9
90,속초,2021,13.2,1199.7,64.5,2478.1
90,속초,2022,12.9,1637.3,61.8,2488.1
90,속초,2023,13.6,1768.8,63.5,2379.8
93,북춘천,2016,,208.4,,475
93,북춘천,2017,11.3,1133.4,66.3,2503.1
93,북춘천,2018,11.2,1261.9,65.6,2542
93,북춘천,2019,11.7,931.8,68.6,2368.7
93,북춘천,2020,11.4,1561.4,72.5,2281.7
93,북춘천,2021,11.6,1065.2,73.5,2303.2
93,북춘천,2022,11,1590.8,71.8,2383.2
93,북춘천,2023,11.9,1366.8,74,2518.1
95,철원,2008,10.4,1504.9,70.3,2108.7
95,철원,2009,10.4,1599.1,70.1,2075.4
95,철원,2010,10.1,1867.5,72.1,1776.1
95,철원,2011,9.8,1656.3,69.5,2059.4
95,철원,2012,9.6,1317.7,68.1,2179.9
95,철원,2013,10,1758.9,72,2364.4
95,철원,2014,11,684.4,67.8,2486.9
95,철원,2015,11.1,1094.9,66.7,2625.1
95,철원,2016,11.2,1180.9,67.3,2356.9
95,철원,2017,10.5,1233.4,65.8,2379.7
95,철원,2018,10.4,1480.6,69.1,2506.1
95,철원,2019,11.1,920.5,73.7,2754.5
95,철원,2020,11,1749.3,78.3,2597.2
95,철원,2021,11.3,1115.3,78.7,2669.6
95,철원,2022,10.5,1752.7,74.8,2683
95,철원,2023,11.5,1467.2,74.7,2499.2
98,동두천,2008,11.7,1518.2,68.1,2137.1
98,동두천,2009,11.7,1527.8,66.9,2087.1
98,동두천,2010,10.9,1939.5,67.5,1845.9
98,동두천,2011,10.7,2311.2,63.9,2111.8
98,동두천,2012,11,1383.9,64,2408.2
98,동두천,2013,11.4,1470.9,67.3,2398.2
98,동두천,2014,12.1,741.6,64.2,2418
98,동두천,2015,12.4,988.5,62,2483.1
98,동두천,2016,12.6,1087.2,61,2412.1
98,동두천,2017,11.8,989.7,60.7,2446.4
98,동두천,2018,11.7,1500,61,2590.3
98,동두천,2019,12,1028.1,68.6,2563.3
98,동두천,2020,11.8,1641.9,72.8,2440.3
98,동두천,2021,12.1,1035.6,73.4,2417.4
98,동두천,2022,11.5,1922.6,70.3,2500.4
98,동두천,2023,12.5,1412.7,71.9,2282.7
99,파주,2008,11,1302.5,71.6,2193
99,파주,2009,11,1507.3,71.5,2176.2
99,파주,2010,10.6,1827.2,73.7,1914.8
99,파주,2011,10.4,2063.3,72.3,2114.3
99,파주,2012,10.9,1436.1,71.3,2484.2
99,파주,2013,11,1347.4,73.4,2424.9
99,파주,2014,11.4,642.7,67.6,2524.9
99,파주,2015,11.6,716.2,66,2623
99,파주,2016,11.7,1163.9,68.2,2555.7
99,파주,2017,10.5,947.8,70.9,2568.4
99,파주,2018,10.5,1009.5,73,2592.8
99,파주,2019,11.3,1022.4,73.6,2532.7
99,파주,2020,11.2,1612.3,76.2,2417.7
99,파주,2021,11.5,1037.9,76.3,2484.7
99,파주,2022,10.7,1730.5,75.8,2523.9
99,파주,2023,11.7,1438,78,2233.1
100,대관령,2008,7.2,1128.6,74.2,2084.4
100,대관령,2009,7.4,1331.7,72.6,2071.6
100,대관령,2010,7.2,1217.3,72.8,1999.6
100,대관령,2011,6.8,1762.1,72.1,2073
100,대관령,2012,6.5,1288.7,73.5,2363.7
100,대관령,2013,7.5,1052.3,73.2,2467.1
100,대관령,2014,7.7,1308.2,73.5,2382.3
100,대관령,2015,8,981.9,72.5,2570.8
100,대관령,2016,8.1,1184,72.9,2719.4
100,대관령,2017,7.3,1025.3,71.3,2909
100,대관령,2018,7.2,1731.4,71.9,2661
100,대관령,2019,8.1,1198.5,74.2,2590.2
100,대관령,2020,7.8,1755.8,77.1,2520.3
100,대관령,2021,7.9,1027.3,75.7,2451
100,대관령,2022,7.6,1361.2,70.8,2500.5
100,대관령,2023,8.5,1291.8,73.7,2186.6
101,춘천,2008,11.3,1439.4,70.3,2036
101,춘천,2009,11.5,1446.9,69.2,2083.9
101,춘천,2010,11,1581.4,70,1844.3
101,춘천,2011,10.7,2029.3,69.4,1971.1
101,춘천,2012,10.7,1324.3,68.7,2082.2
101,춘천,2013,11.1,1738.9,72.8,2103.5
101,춘천,2014,12.1,674.4,70.5,2301.5
101,춘천,2015,12.5,757.8,69.8,2404.6
101,춘천,2016,12.4,1333.8,70.8,2321.5
101,춘천,2017,11.7,1217.2,70.3,2387.3
101,춘천,2018,11.6,1401.5,69.2,2480.3
101,춘천,2019,12.3,923.2,68.3,2348.8
101,춘천,2020,12.2,1550.9,68.5,2284.5
101,춘천,2021,12.4,1045.9,69.6,2303.4
101,춘천,2022,11.9,1728.4,69.6,2386
101,춘천,2023,12.4,1389.8,68.7,2178.6
102,백령도,2008,11.4,892.7,69.9,2110.6
102,백령도,2009,11.6,795.6,69,2190.9
102,백령도,2010,10.9,1050.5,72.3,1941.4
102,백령도,2011,10.2,988.1,72.3,1947.7
102,백령도,2012,10.5,892.3,70.2,2110.3
102,백령도,2013,10.6,863.5,71.3,2483.4
102,백령도,2014,11.6,391.9,69.1,2491.9
102,백령도,2015,11.9,601.5,68.7,2490.9
102,백령도,2016,11.9,734,72.2,2266.4
102,백령도,2017,11.8,335.1,71.6,2459.2
102,백령도,2018,11,831.1,74.2,2219
102,백령도,2019,12,595.4,75,2386.5
102,백령도,2020,12.1,1258.4,76.7,2178.2
102,백령도,2021,12.5,1119.8,73.8,2229.3
102,백령도,2022,11.8,1021.1,72.4,2215.4
102,백령도,2023,12.5,938,75.3,2213.8
104,북강릉,2008,,816.8,,957.4
104,북강릉,2009,12.5,1209.5,61.4,2215
104,북강릉,2010,12.2,1086.6,62.1,2135.5
104,북강릉,2011,11.8,1692.6,62.6,2112.1
104,북강릉,2012,11.8,1280.3,60.5,2345.6
104,북강릉,2013,12.6,895.9,59.9,2490.3
104,북강릉,2014,12.8,1361.6,60.3,2308.9
104,북강릉,2015,13.1,1017.5,59.6,2418.5
104,북강릉,2016,13.1,1204.2,67.1,2231.4
104,북강릉,2017,13.1,1172.4,62.8,2505.8
104,북강릉,2018,12.7,1548.1,61.4,2461.6
104,북강릉,2019,13.6,1569.7,59.7,2458.2
104,북강릉,2020,13.1,1801.7,61.7,2422.5
104,북강릉,2021,13.1,1392.4,64.8,2409.4
104,북강릉,2022,13.1,1528.7,61.9,2456.9
104,북강릉,2023,13.9,1634.1,63.4,2438.7
105,강릉,2008,14,1342.7,58.2,2138.2
105,강릉,2009,13.4,1183,59.4,2059.3
105,강릉,2010,13,1102.8,61.8,1948.4
105,강릉,2011,12.6,1810.5,60.5,1944.7
105,강릉,2012,12.6,1321.4,58.9,2218.5
105,강릉,2013,13.6,921.7,57,2438.7
105,강릉,2014,13.8,1388.7,57.6,2198.3
105,강릉,2015,13.9,1047.4,56.7,2453
105,강릉,2016,13.8,1258.2,57.4,2409.4
105,강릉,2017,13.9,1081.9,52.2,2636
105,강릉,2018,13.7,1599.4,55.8,2570.1
105,강릉,2019,14.7,1670.5,56.5,2559.8
105,강릉,2020,14.3,1812.9,60.9,2248.3
105,강릉,2021,14.6,1316.4,62.2,2172.3
105,강릉,2022,14.7,1465.5,58.8,2315.2
105,강릉,2023,15.5,1568.3,60.2,2341.4
106,동해,2008,13.3,978.5,63.2,2171.1
106,동해,2009,13.4,940.9,62.6,2200.5
106,동해,2010,12.5,1049.1,64.1,2128.3
106,동해,2011,12.1,1765.7,65.3,2111.6
106,동해,2012,12.2,1123.3,63.4,2425.4
106,동해,2013,13.2,964.2,62.2,2479.8
106,동해,2014,13.3,1411.1,62.8,2230.5
106,동해,2015,13.8,911.2,63.3,2265.4
106,동해,2016,14.2,924.5,67.1,2238.5
106,동해,2017,14.1,985.7,62.1,2502.3
106,동해,2018,13.2,1436.5,62.8,2416.4
106,동해,2019,13.4,1532.8,62.8,2400.6
106,동해,2020,12.9,1322.4,64.3,2387
106,동해,2021,13.5,1244.6,66.4,2383.1
106,동해,2022,13.7,1101.4,63.9,2402.5
106,동해,2023,14.4,1356.8,65.8,2457.7
108,서울,2008,12.9,1356.3,59.4,2145.4
108,서울,2009,12.9,1564,61.1,2145.4
108,서울,2010,12.1,2043.5,63.1,1855.3
108,서울,2011,12,2039.3,59.7,2073.8
108,서울,2012,12.2,1646.3,56.6,2406.6
108,서울,2013,12.5,1403.8,60,2418.7
108,서울,2014,13.4,808.9,62.8,2432.3
108,서울,2015,13.6,792.1,60,2580.3
108,서울,2016,13.6,991.7,59.2,2497.8
108,서울,2017,13,1233.2,57.8,2606.3
108,서울,2018,12.9,1284.1,57.5,2580.7
108,서울,2019,13.5,891.3,56.8,2542.2
108,서울,2020,13.2,1651.1,63.4,2263.7
108,서울,2021,13.7,1186.5,65.7,2190.1
108,서울,2022,13.2,1775.3,64.4,2325.2
108,서울,2023,14.1,1598.8,66.8,2224
112,인천,2008,12.8,1137.4,66,2284.4
112,인천,2009,12.6,1382.1,66.8,2334.1
112,인천,2010,12.3,1777.7,68.4,2075.9
112,인천,2011,12,1725.5,66.5,2150.1
112,인천,2012,12.1,1415.1,68.7,2359.7
112,인천,2013,11.9,1186.6,77.3,2517.8
112,인천,2014,12.8,788.1,77.8,2559.9
112,인천,2015,13.1,652,78.6,2671.4
112,인천,2016,13.3,864.3,75.6,2594.7
112,인천,2017,12.5,1028.9,66,2751.8
112,인천,2018,12.5,1134.4,65.3,2715.5
112,인천,2019,13.2,919.5,65.2,2672.9
112,인천,2020,12.8,1311.9,66.6,2616.5
112,인천,2021,13.4,1071.8,62,2573.3
112,인천,2022,12.5,1620.5,66.1,2472.1
112,인천,2023,13.4,1331.4,68.8,2346.5
114,원주,2008,12.1,1011.1,63.9,1914.3
114,원주,2009,12.2,1359.3,63.3,1909.8
114,원주,2010,12,1462.2,64.3,1710.4
114,원주,2011,11.7,2188,62.3,2028.3
114,원주,2012,11.4,1378.5,61,2150.1
114,원주,2013,11.9,1501.1,69.4,2346.6
114,원주,2014,12.8,801.3,67,2420.1
114,원주,2015,13.6,903.8,65.6,2593.2
114,원주,2016,13.4,874.6,60.8,2093
114,원주,2017,12.1,1063.6,59.6,2193.9
114,원주,2018,12.4,1229.2,59.9,2413.9
114,원주,2019,13,771.9,59.5,2359.3
114,원주,2020,12.8,1317,62.2,2279.5
114,원주,2021,13,1113,64.4,2286.3
114,원주,2022,12.4,1394,62.4,2401
114,원주,2023,13.5,1391.7,63.9,2303.2
115,울릉도,2008,13,1418,72.5,1923
115,울릉도,2009,12.5,1616.1,71.9,1626.3
115,울릉도,2010,12.6,1448.3,71.3,1837.7
115,울릉도,2011,12.1,1795.8,72.7,1708.5
115,울릉도,2012,11.9,1777.1,73.2,1688.4
115,울릉도,2013,12.7,1265.9,69.5,2037.8
115,울릉도,2014,12.8,1531.4,66.9,2095.8
115,울릉도,2015,13.1,1393.5,68.2,2324.1
115,울릉도,2016,13.2,2050.4,69.7,2121.3
115,울릉도,2017,13.1,1181.7,65.1,2406.7
115,울릉도,2018,13,1586.4,67.2,2289.9
115,울릉도,2019,13.7,1367.4,68.4,2371.6
115,울릉도,2020,13.4,1462,73.1,1948.8
115,울릉도,2021,13.5,1533,75.7,1860.1
115,울릉도,2022,13.6,1211.4,74.1,1922.2
115,울릉도,2023,14.6,1527.4,74.9,1986.2
119,수원,2008,12.8,1342.9,69.8,2209
119,수원,2009,12.6,1541.2,70.9,2282.8
119,수원,2010,12.2,1470.6,73.6,2027.9
119,수원,2011,11.8,1975.9,70.1,2146.5
119,수원,2012,12.1,1748.3,69.2,2291.6
119,수원,2013,12.3,1240.1,71.7,2310.2
119,수원,2014,13.1,1029.1,67.9,2372.7
119,수원,2015,13.5,751.1,67.7,2450.3
119,수원,2016,13.6,1023.4,67.7,2367.2
119,수원,2017,12.6,1328.6,67.4,2606.1
119,수원,2018,12.7,1293.1,67.3,2605.5
119,수원,2019,13.2,915.8,69.7,2475
119,수원,2020,12.9,1635.5,75.9,2444.2
119,수원,2021,13.4,1084.4,72,2434.7
119,수원,2022,12.8,1864,68.5,2564.7
119,수원,2023,13.3,1409.4,69.5,2345.3
121,영월,2008,11.3,876.6,68,2030.4
121,영월,2009,11.5,1027,67.4,2054.6
121,영월,2010,11.2,1341.2,67.6,1861.5
121,영월,2011,11,2085.7,65.9,1994.7
121,영월,2012,10.8,1398.8,67.9,2337.9
121,영월,2013,11.3,1238.3,71.3,2280.4
121,영월,2014,11.9,876.5,68.1,2284.5
121,영월,2015,12.4,676,68.6,2238.3
121,영월,2016,12.4,940.4,68,2145.9
121,영월,2017,11.7,996.1,66.8,2332.9
121,영월,2018,11.5,1360.8,68.2,2300.6
121,영월,2019,12.1,830.4,67.8,2117.2
121,영월,2020,11.9,1344.1,68.6,2225
121,영월,2021,12.1,1106.4,69.3,2195.5
121,영월,2022,11.6,1288.7,67,2275.7
121,영월,2023,12.4,1507.5,68.8,2264.7
127,충주,2008,12,882.5,66.8,2036.6
127,충주,2009,11.9,936.8,65.9,2033.3
127,충주,2010,11.5,1212.3,68.3,1867.9
127,충주,2011,11.4,2073.3,66.3,2023.7
127,충주,2012,11.5,1290.3,65.3,2420.7
127,충주,2013,11.8,1102.6,67.4,2358.7
127,충주,2014,12.2,899.6,64.6,2353
127,충주,2015,12.7,731.8,63.3,2306.4
127,충주,2016,12.9,917.1,63.8,2035.9
127,충주,2017,12,1072.9,63.3,2386.8
127,충주,2018,12,1349.1,65.4,2348.3
127,충주,2019,12.3,795.5,67.8,2261.9
127,충주,2020,12.1,1446.5,70.2,2222
127,충주,2021,12.4,1365.5,70.3,2260.8
127,충주,2022,11.9,1464.2,68.4,2402.8
127,충주,2023,12.9,1661.6,69.3,2217.5
129,서산,2008,12,909.6,74.3,2095.5
129,서산,2009,12.3,1074.3,73.4,2174.3
129,서산,2010,11.7,2141.8,73.9,1984.3
129,서산,2011,11.6,1704.4,73.1,2007
129,서산,2012,11.5,1642.6,75.7,2299.2
129,서산,2013,11.8,1018.7,80.9,2382.7
129,서산,2014,12.3,1000.1,78.2,2334
129,서산,2015,12.7,815.9,78.1,2384.4
129,서산,2016,12.9,922.1,81.3,2382.9
129,서산,2017,12.2,830.4,78.1,2624.7
129,서산,2018,12.2,1227.2,72.8,2660
129,서산,2019,12.7,915,72.3,2491.2
129,서산,2020,12.6,1488.7,72.7,2385.3
129,서산,2021,13.2,1207.3,73.7,2418.5
129,서산,2022,12.3,1570.7,73.3,2318.6
129,서산,2023,13.3,1529.7,73.6,2220.9
130,울진,2008,13.1,916.6,67.2,2380.8
130,울진,2009,13,851.7,65.8,2248.2
130,울진,2010,12.3,784.9,68.4,2309.4
130,울진,2011,12,1376.6,68.8,2200.5
130,울진,2012,11.9,1101.3,68.3,2389.4
130,울진,2013,12.8,994.1,67.5,2432.5
130,울진,2014,12.9,1282.6,68.4,2321.1
130,울진,2015,13.2,819.1,68.3,2476.3
130,울진,2016,13.2,1196.3,69.6,2364.4
130,울진,2017,13.2,857.5,64.2,2523
130,울진,2018,13,1436.2,65.6,2383.6
130,울진,2019,13.9,1581.2,66.4,2529.2
130,울진,2020,13.4,1336.2,67.1,2462.3
130,울진,2021,13.5,1158.9,69.2,2387.1
130,울진,2022,13.3,1100,64.5,2505
130,울진,2023,14.1,1317,66.2,2560.4
131,청주,2008,13.4,892.3,62.3,2054.7
131,청주,2009,13,1019.8,61.3,2071
131,청주,2010,13,1422.4,65.3,1888.1
131,청주,2011,12.8,1805.6,64.6,1962.7
131,청주,2012,12.7,1387.6,63.7,2066.9
131,청주,2013,13.3,1240.7,65.1,2354.6
131,청주,2014,13.9,913.7,62.8,2289.1
131,청주,2015,14,756.9,59.1,2411.9
131,청주,2016,13.9,938,58.9,2468.3
131,청주,2017,13.4,1301.2,57.7,2693.5
131,청주,2018,13.5,1381.6,60.2,2640.8
131,청주,2019,14.2,856.7,61.2,2432.2
131,청주,2020,13.9,1358.6,62.9,2319.9
131,청주,2021,14.4,1001.6,62.5,2372.2
131,청주,2022,13.9,1236.4,59.5,2535.7
131,청주,2023,14.8,1805.6,60.8,2170.2
133,대전,2008,13,1037.6,63.3,2117.9
133,대전,2009,12.8,1090.4,63.4,2180.4
133,대전,2010,12.7,1419.7,66.6,1985.3
133,대전,2011,12.6,1943.4,64.4,2048.7
133,대전,2012,12.6,1409.5,67.8,2367.6
133,대전,2013,13.1,1120.2,73.2,2513.1
133,대전,2014,13.4,1117.7,72.4,2378.3
133,대전,2015,14,822.7,70,2417.9
133,대전,2016,14,1228.4,70,2440.1
133,대전,2017,13.4,1127.5,68.2,2632
133,대전,2018,13.5,1542.1,68.9,2542.1
133,대전,2019,14,984.2,68.8,2474.3
133,대전,2020,13.7,1614,70.8,2394.5
133,대전,2021,14.3,1109.5,71.8,2354.3
133,대전,2022,13.5,1203.1,62.3,2342.9
133,대전,2023,14,2042.5,64.6,2309.9
135,추풍령,2008,12,818.5,66.8,2112.5
135,추풍령,2009,12,1010.7,65.4,2134.5
135,추풍령,2010,11.6,1260.4,70,2026.4
135,추풍령,2011,11.5,1401.8,67.4,2107.7
135,추풍령,2012,11.2,1465.8,67.7,2279.7
135,추풍령,2013,11.8,920.6,67.3,2170.6
135,추풍령,2014,11.7,1136.4,66.2,2253.6
135,추풍령,2015,12.2,829,66.2,2315.2
135,추풍령,2016,12.4,1147.1,65.8,2309.2
135,추풍령,2017,11.9,921.8,62.8,2574.7
135,추풍령,2018,11.9,1304.2,63.5,2527.8
135,추풍령,2019,12.4,1164.1,62.7,2549.1
135,추풍령,2020,12,1554,64.8,2167.5
135,추풍령,2021,12.3,1129.1,67,2121.8
135,추풍령,2022,12,928.6,63.4,2338
135,추풍령,2023,12.8,1551.5,67.2,2284.8
136,안동,2008,12.5,737.9,66.6,2202.6
136,안동,2009,12.5,1058.5,65,2186.3
136,안동,2010,12.2,1073.8,66.8,2030.6
136,안동,2011,12.2,1251.5,64.8,2129.7
136,안동,2012,12.2,1047,64.7,2221.6
136,안동,2013,12.4,979.9,65.5,2527.1
136,안동,2014,12.5,960.4,63.1,2434.1
136,안동,2015,12.9,755.1,63.8,2604
136,안동,2016,13.2,934.4,64.4,2612.6
136,안동,2017,12.6,938.8,62.7,2941.2
136,안동,2018,12.7,1078,65,2698.4
136,안동,2019,12.9,867.8,65.3,2550.3
136,안동,2020,12.6,1211.8,65.8,2488
136,안동,2021,12.7,974,66.8,2414.5
136,안동,2022,12.6,655.7,62.3,2635.6
136,안동,2023,13.3,1518.7,67.8,2358.9
137,상주,2008,12.7,856.7,63.1,2060.5
137,상주,2009,12.6,879.2,60.8,2065.5
137,상주,2010,12.1,1111.7,65.5,1943.1
137,상주,2011,12,1250.5,63.5,2031.4
137,상주,2012,11.7,1323,63.8,2320.1
137,상주,2013,12.4,944.3,64.8,2489.9
137,상주,2014,12.7,1184.9,62.1,2324.5
137,상주,2015,13.7,800.3,61.8,2435.6
137,상주,2016,13.8,1136.2,62.5,2220.7
137,상주,2017,13.3,953.3,59.1,2508.2
137,상주,2018,13.1,1357.2,61.5,2401.1
137,상주,2019,13.4,1062.5,66.7,2310.5
137,상주,2020,13.1,1563.7,69.2,2271.9
137,상주,2021,13.2,1230.8,71.1,2238.5
137,상주,2022,13.3,891.2,64,2410.6
137,상주,2023,13.9,1670.6,67.3,2331
138,포항,2008,14.1,885.4,65.2,2305.1
138,포항,2009,14.8,885.5,63.3,2269.9
138,포항,2010,14.6,927.4,64.8,2262.1
138,포항,2011,14.3,1089.9,63.3,2193.6
138,포항,2012,14.1,1333.7,64.8,2239.6
138,포항,2013,14.9,905.2,60,2452.4
138,포항,2014,14.6,1338,64.6,2311.6
138,포항,2015,14.8,919.5,65.4,2353.3
138,포항,2016,15.2,1515.4,65,2353.1
138,포항,2017,15,674.3,60.3,2755.2
138,포항,2018,14.8,1284.3,63.6,2595.4
138,포항,2019,15.5,1425.1,64,2539.3
138,포항,2020,15.1,1238.9,63.3,2557.2
138,포항,2021,15.2,1405.7,64.3,2494.2
138,포항,2022,15.1,1061.6,60.7,2640
138,포항,2023,15.7,1112.2,60.5,2466.9
140,군산,2008,13.3,901,75.8,2252.8
140,군산,2009,13,1022.7,77,2325.4
140,군산,2010,12.9,1347.5,77.7,2103.4
140,군산,2011,12.2,1634.2,74.8,2103.3
140,군산,2012,12.3,1659.5,75.7,2277.2
140,군산,2013,12.6,1092.4,80.7,2398.9
140,군산,2014,13,1141,81.6,2305.6
140,군산,2015,13.4,895.8,81.8,2307.2
140,군산,2016,13.8,1144.4,81.7,2351.7
140,군산,2017,13.1,774.4,76.3,2550.1
140,군산,2018,13.2,1637.1,75.3,2566.9
140,군산,2019,13.5,1008.1,75.2,2478
140,군산,2020,13.4,1664.8,75.2,2325.3
140,군산,2021,13.9,1151.7,75.5,2390.1
140,군산,2022,13.2,1043.4,72.6,2371
140,군산,2023,13.9,2120.8,73.6,2302.9
143,대구,2008,14.6,761.4,57.3,2180.7
143,대구,2009,14.8,832.5,53.8,2161.2
143,대구,2010,14.4,1204.5,56.4,2081.1
143,대구,2011,14.3,1430.4,55.7,2150.3
143,대구,2012,14.1,1189.9,56.4,2534.9
143,대구,2013,15,996.4,56.3,2693.5
143,대구,2014,14.9,1072.1,57.2,2428.4
143,대구,2015,14.8,908.5,64.6,2362
143,대구,2016,14.6,1227.3,63.7,2277.3
143,대구,2017,14.4,663.7,58.3,2621.6
143,대구,2018,14.1,1297.6,58.7,2495.3
143,대구,2019,14.8,995.7,60.7,2440.5
143,대구,2020,14.5,1244.9,63.4,2420.8
143,대구,2021,14.6,910,65.4,2380.7
143,대구,2022,14.7,581,63.6,2591.3
143,대구,2023,15.1,1321.8,63.2,2424.1
146,전주,2008,13.9,1000,65.2,1993.2
146,전주,2009,13.6,1163.9,63.9,2037.4
146,전주,2010,13.5,1462.3,66.1,1872.1
146,전주,2011,13.1,1621.8,66.6,1954.6
146,전주,2012,13.2,1359.7,65.2,2010.5
146,전주,2013,13.8,1264.7,67.3,2315
146,전주,2014,13.9,1206.3,67.8,2210.1
146,전주,2015,14.2,813.5,69.7,2192.8
146,전주,2016,14.3,1117.7,72.4,2170.1
146,전주,2017,13.6,947.8,70,2428
146,전주,2018,13.9,1332.5,74.1,2461.6
146,전주,2019,14.2,968.9,74.1,2319.3
146,전주,2020,14,1780.8,68.7,2239.2
146,전주,2021,14.6,1496.6,68.4,2268.6
146,전주,2022,14,1071.5,66.2,2396.9
146,전주,2023,14.8,1986.6,68.2,2350.9
152,울산,2008,14.2,1112.3,65.6,2307.9
152,울산,2009,14.3,1133.2,64.4,2240.9
152,울산,2010,14,1161.6,66.3,2231.5
152,울산,2011,13.7,1233.2,65.3,2225
152,울산,2012,13.7,1458.1,63.4,2288.9
152,울산,2013,14.8,858.3,60.2,2376
152,울산,2014,14.7,1398.7,64.5,2202.8
152,울산,2015,15,1044.6,64.9,2231.5
152,울산,2016,14.8,1693.9,69.9,2371.2
152,울산,2017,14.5,671.4,63.9,2722.1
152,울산,2018,14.3,1416.1,66.3,2579.9
152,울산,2019,14.9,1450.1,65.9,2605.8
152,울산,2020,14.6,1557.9,67.4,2547.6
152,울산,2021,14.9,1337,68.2,2502.6
152,울산,2022,14.7,926.1,61.4,2615.9
152,울산,2023,15,1642.9,63.8,2392.3
155,창원,2008,14.8,1020.5,61.8,2268.7
155,창원,2009,15,1865.9,59.8,2212.9
155,창원,2010,14.5,1766.9,64.2,2155.1
155,창원,2011,14.3,1514,61.7,2177.2
155,창원,2012,14.2,1559.4,60.1,2309.7
155,창원,2013,15,1110,59.5,2735.1
155,창원,2014,14.9,1525.8,62.1,2415.9
155,창원,2015,14.6,1110.7,65.5,2376.9
155,창원,2016,14.9,1893,67.2,2263.1
155,창원,2017,14.8,879.3,63.3,2580
155,창원,2018,14.2,1507.3,67.3,2298.6
155,창원,2019,14.6,1587,62.1,2416.5
155,창원,2020,14.4,1672.8,62.5,2416.5
155,창원,2021,14.9,1710.6,62.4,2463.6
155,창원,2022,14.7,1049.9,58.3,2530.2
155,창원,2023,15.2,2161.1,63.8,2428
156,광주,2008,14.6,1007.2,65,2020.3
156,광주,2009,14.6,1488.2,65.9,2069.2
156,광주,2010,14.2,1573.1,68.7,1873.7
156,광주,2011,13.7,1300.3,68.5,2140.9
156,광주,2012,13.7,1626.8,67.2,2358.7
156,광주,2013,14.2,1245.4,66.3,2489.6
156,광주,2014,14.3,1290.3,64.9,2343.5
156,광주,2015,14.6,1049.6,69.2,2234.9
156,광주,2016,15,1482.3,71.9,2144.2
156,광주,2017,14.6,936.6,68.7,2376.4
156,광주,2018,14.6,1427.9,70.6,2372.5
156,광주,2019,14.7,1085.9,69.2,2290.1
156,광주,2020,14.5,2027,70.9,2225.1
156,광주,2021,15.1,1303.8,72.6,2214.9
156,광주,2022,14.8,769.9,69.2,2362.2
156,광주,2023,15.3,2116.1,74,2211.5
159,부산,2008,15,1168.3,63,2346
159,부산,2009,15.2,1772.9,61.6,2155.7
159,부산,2010,14.9,1441.9,62.3,2250.8
159,부산,2011,14.6,1478.6,60.3,2294.6
159,부산,2012,14.5,1983.3,58.3,2563.4
159,부산,2013,15.3,1130.1,56.9,2771
159,부산,2014,15.1,1693.1,66.3,2481.2
159,부산,2015,15.4,1396.7,67.3,2534.8
159,부산,2016,15.7,1760.2,66.1,2514.9
159,부산,2017,15.2,1014.4,60.3,2718.1
159,부산,2018,15.1,1778.6,63.2,2667.8
159,부산,2019,15.7,1623.2,62.9,2691.3
159,부산,2020,15.2,2281.6,63.7,2441.4
159,부산,2021,15.7,1807.8,64.9,2374.6
159,부산,2022,15.4,991.9,63.7,2491.2
159,부산,2023,16,2191.4,63.1,2395.8
162,통영,2008,14.9,1150,70.2,2313.1
162,통영,2009,14.9,1548.6,71.6,2277.6
162,통영,2010,14,1397.8,73.5,2232.9
162,통영,2011,13.8,1524.9,69.4,2237.8
162,통영,2012,13.7,1611.2,67.8,2291.5
162,통영,2013,14.5,1161.9,68,2548.2
162,통영,2014,14.7,1697.1,70.7,2311.8
162,통영,2015,14.8,1463.8,73.4,2315.5
162,통영,2016,15.3,1993.7,71,2246.2
162,통영,2017,14.9,1249.4,69.3,2604.5
162,통영,2018,14.8,2118.7,70.3,2400
162,통영,2019,15.3,1684.6,69,2416
162,통영,2020,15,2137.7,72.7,2412.7
162,통영,2021,15.6,1800.1,72.8,2496.5
162,통영,2022,15.1,987.8,68.8,2588.9
162,통영,2023,15.5,2134.3,70.8,2274.6
165,목포,2008,14.2,960.5,76.8,2103.8
165,목포,2009,13.8,1088.4,78.6,2170
165,목포,2010,13.5,1335.7,80.8,1972.9
165,목포,2011,13,982.1,77.8,2080.5
165,목포,2012,13.1,1577.5,76.3,2153.8
165,목포,2013,13.8,1089.7,81.4,2354.3
165,목포,2014,13.9,1087.7,84.4,2202
165,목포,2015,14.4,1041.6,79.8,2218.3
165,목포,2016,14.8,1398,82.1,2157.8
165,목포,2017,14.3,722.5,81.3,2432
165,목포,2018,14.4,1363.3,76.1,2397.5
165,목포,2019,14.3,1248.4,72.3,2390.7
165,목포,2020,14,1427.7,74.2,2318.6
165,목포,2021,15.1,1101,73.6,2443.1
165,목포,2022,14.3,739.9,72,2319.2
165,목포,2023,14.9,1577.9,75.3,2119.2
168,여수,2008,14.5,959.8,63.1,2279.7
168,여수,2009,14.6,1247.7,62.9,2277.1
168,여수,2010,14.3,1733.1,65.4,2195.4
168,여수,2011,14,1650.4,63.7,2260.2
168,여수,2012,14,1825.1,68.3,2428.5
168,여수,2013,14.7,1200.8,68,2747.3
168,여수,2014,14.7,1575.3,59.5,2436.6
168,여수,2015,14.9,1250.5,60.3,2450.1
168,여수,2016,15.3,1616.6,62.4,2371.6
168,여수,2017,15,1019.6,63.5,2686.3
168,여수,2018,14.9,1578.7,68.3,2570.3
168,여수,2019,15.4,1529.9,67.5,2556.9
168,여수,2020,15.1,1751.9,67.8,2504.9
168,여수,2021,15.7,1571.2,67.3,2642.2
168,여수,2022,15.1,1067.4,63.3,2522
168,여수,2023,15.5,1935.4,68.5,2331.9
169,흑산도,2008,13.1,919.7,75.8,1803.8
169,흑산도,2009,13.7,1010.7,74.6,1948.5
169,흑산도,2010,13.3,1478.1,76.8,1693.2
169,흑산도,2011,12.9,830.7,77.3,1713.5
169,흑산도,2012,13.5,1645.2,77.4,2102.4
169,흑산도,2013,13.7,1093.7,78.9,2250.5
169,흑산도,2014,14.1,1186.7,76.4,2178.8
169,흑산도,2015,13.6,1085.8,80.6,2031.1
169,흑산도,2016,13.7,1183.1,86.2,1922.9
169,흑산도,2017,13.5,746.9,86.5,2133.5
169,흑산도,2018,13.8,1516.2,81.6,1830.1
169,흑산도,2019,14.1,1079.1,77.3,2104.4
169,흑산도,2020,14.1,1187.2,80.2,1984.1
169,흑산도,2021,15.3,919.5,79.7,2097.7
169,흑산도,2022,14,668.2,79.2,2015.7
169,흑산도,2023,14.3,1366.9,81.4,1946.4
170,완도,2008,14.1,1180,69.9,1969.2
170,완도,2009,14.3,1588.4,67.4,2094.7
170,완도,2010,14,1895.3,72.2,1894.3
170,완도,2011,13.9,1363.2,71.2,2042.7
170,완도,2012,13.9,1710.3,68.6,2084.7
170,완도,2013,14.6,1253.5,68.3,2563.2
170,완도,2014,14.5,1862.6,69.1,2346.3
170,완도,2015,14.5,1638.5,75.2,2254.6
170,완도,2016,15.1,1608.4,80.4,2052.6
170,완도,2017,14.9,958.1,75.1,2311
170,완도,2018,14.8,1431.4,74.1,2210.1
170,완도,2019,15,1678.8,71.2,2144.4
170,완도,2020,14.9,1580.7,72.4,2144
170,완도,2021,15.6,1607.2,72.6,2289.8
170,완도,2022,15.2,704.4,69.2,2318.8
170,완도,2023,15.6,1715.3,74.3,2218.4
172,고창,2010,,53.8,,135
172,고창,2011,13,1411.3,75.5,1984.7
172,고창,2012,13,1404.1,79.1,2023.3
172,고창,2013,13,1226.8,80.3,2154.6
172,고창,2014,12.9,1290.9,79.3,2054.8
172,고창,2015,13.4,956.1,80.6,2025.7
172,고창,2016,14,1090.9,82,2063.5
172,고창,2017,13.1,901.9,81.2,2414.3
172,고창,2018,13.3,1316.9,79.6,2394.3
172,고창,2019,13.4,1099.5,76.1,2318.1
172,고창,2020,13.3,1554.7,76.9,2130.2
172,고창,2021,14,1255.8,72.8,2148
172,고창,2022,13.3,753.9,69.6,2192.9
172,고창,2023,,1232,,2078.9
174,순천,2011,,2112.8,,1417.9
174,순천,2012,12.3,1967,70.7,1978.4
174,순천,2013,12.7,1280.4,69.9,2314.3
174,순천,2014,12.6,1910.8,70.5,2096.7
174,순천,2015,13.2,1331.5,70.7,2152.4
174,순천,2016,13.9,1614.6,68.1,2082.9
174,순천,2017,12.7,883.4,70.3,2381.8
174,순천,2018,12.7,1532.4,76,2290.5
174,순천,2019,13.1,1568.2,74.4,2254.8
174,순천,2020,13,1906.1,74.1,2090.9
174,순천,2021,13.5,1320.9,75.6,2163.4
174,순천,2022,13.2,987,70,2248.5
174,순천,2023,13.5,2139.5,76.2,2099.7
175,진도(첨찰산),2008,11.6,1302.5,76.3,1817.7
175,진도(첨찰산),2009,11.7,1481,74.7,1968.9
175,진도(첨찰산),2010,11.6,1608.6,79.3,1628.8
175,진도(첨찰산),2011,11.3,1263.9,78.5,1837.1
175,진도(첨찰산),2012,11.2,2198.3,76.9,1916.6
175,진도(첨찰산),2013,11.6,1257.1,78.4,2322.5
175,진도(첨찰산),2014,11.8,1537.5,78.3,2226
175,진도(첨찰산),2015,11.7,1451.2,78.2,2280.7
175,진도(첨찰산),2016,12.4,1454,80,2033
175,진도(첨찰산),2017,12.4,814.5,72.5,2311.6
175,진도(첨찰산),2018,12.2,1394.6,77,2206.8
175,진도(첨찰산),2019,,787.2,,1345.5
176,대구(기),2013,,146,,579.1
176,대구(기),2014,14,1023,64.9,2094.4
176,대구(기),2015,,188.5,,1137
177,홍성,2015,,222.3,,197.5
177,홍성,2016,13.2,760.4,76.9,2558.1
177,홍성,2017,12.6,1009.5,75.3,2531.2
177,홍성,2018,12.4,1299,78.3,2556.2
177,홍성,2019,12.7,922.3,74,2436.5
177,홍성,2020,12.8,1609.7,73.8,2356.9
177,홍성,2021,13.3,1242.8,75,2341.8
177,홍성,2022,12.7,1389.6,73.3,2511
177,홍성,2023,13.7,1584.8,75.6,2406.5
181,서청주,2023,13.1,1746.5,71.3,2254.9
184,제주,2008,16,1308.8,63.9,1687
184,제주,2009,16,1304.8,62.5,1764.7
184,제주,2010,15.6,1584.9,66.5,1681.8
184,제주,2011,15.6,1478.6,68.7,1720
184,제주,2012,15.7,2248.3,71.3,1693.4
184,제주,2013,16.5,859.1,72.1,1990.2
184,제주,2014,16.2,1563.4,70.3,1755.5
184,제주,2015,16.7,1728.3,70.9,1826.6
184,제주,2016,17,1416.4,71.9,1718.4
184,제주,2017,16.8,773.3,67.5,1981.3
184,제주,2018,16.6,1769.5,71.1,1939.7
184,제주,2019,16.8,1979.9,69.8,1909.9
184,제주,2020,16.7,1389.5,69.2,1890.3
184,제주,2021,17.5,1627.7,70.7,1965.3
184,제주,2022,17,1075.8,71.3,2012.2
184,제주,2023,17.5,1444.9,69.3,1936.1
185,고산,2008,15.8,972.3,69.3,1859.9
185,고산,2009,15.7,1133,68.7,1950.6
185,고산,2010,15.7,1361.8,71.5,1789.3
185,고산,2011,15.4,961.3,73.1,1784.6
185,고산,2012,15.6,1418.1,70.5,1803.7
185,고산,2013,15.5,697.1,74.5,2132.3
185,고산,2014,15.5,1271.6,76.8,2130.1
185,고산,2015,15.6,1546.4,77.7,2075.3
185,고산,2016,16.2,1293.1,78.6,1911.3
185,고산,2017,16,861.3,77.2,2230.2
185,고산,2018,16.1,1345.8,79.5,2237.6
185,고산,2019,16.2,1560.9,78.3,2236
185,고산,2020,16,1228.9,79.3,2189.8
185,고산,2021,17,1387.9,80.3,2335.3
185,고산,2022,16.4,1257.6,77.3,2388.1
185,고산,2023,16.6,1400,75.8,1933.7
187,성산,2008,,1372.2,,1241.9
188,성산,2008,15.6,1770.7,71,1741.2
188,성산,2009,15.4,1753.5,66.3,1826.1
188,성산,2010,15.1,2086.8,73.8,1717.7
188,성산,2011,15.4,1865.7,73.1,1763.1
188,성산,2012,15.4,2458.4,77.8,1991.1
188,성산,2013,15.9,1364,75.4,2325.6
188,성산,2014,15.6,2241,74.6,2059.1
188,성산,2015,15.7,2542.2,75.7,2105.6
188,성산,2016,16.3,2255.9,76.4,1915.7
188,성산,2017,15.9,1917.7,70.6,2255.5
188,성산,2018,15.7,2146.7,74,2139.4
188,성산,2019,16.1,2658.1,70.9,2187.6
188,성산,2020,16,2116.2,70.6,2208.2
188,성산,2021,16.7,2086.3,72,2244.6
188,성산,2022,16.1,1555,72.4,1955.9
188,성산,2023,16.7,2099.1,75.8,1972.7
189,서귀포,2008,16.9,1661.4,69.6,1944.3
189,서귀포,2009,17.2,2006.8,66.1,1994.2
189,서귀포,2010,16.9,2393.3,69.1,1833.5
189,서귀포,2011,16.7,2010.2,70.9,1972.3
189,서귀포,2012,16.7,2700.8,70.2,1967
189,서귀포,2013,17.4,1086.6,69.8,2462.8
189,서귀포,2014,17,2473.2,70.8,2292.5
189,서귀포,2015,16.7,2618.1,72.6,2233.6
189,서귀포,2016,17,2204.5,75.7,1976
189,서귀포,2017,17,1334,72.3,2323.8
189,서귀포,2018,16.7,2166.2,78.7,2022.9
189,서귀포,2019,17.3,2210.3,77.9,2239.9
189,서귀포,2020,16.8,2089.6,78.9,2166.9
189,서귀포,2021,17.5,2136.2,75.9,2313
189,서귀포,2022,17.2,1561.3,73.6,2266.8
189,서귀포,2023,17.7,2220.7,73.2,2183.7
192,진주,2008,14,885.6,66.1,2231.8
192,진주,2009,13.8,1608.9,64.9,2186
192,진주,2010,13.1,1896,67.7,2109.5
192,진주,2011,13,2026.4,66.1,2212.8
192,진주,2012,12.7,1752.9,67.3,2462.9
192,진주,2013,13.4,1220.6,68.2,2673.9
192,진주,2014,13.2,1644.9,68.3,2401.8
192,진주,2015,13.4,1324.8,68.1,2460.4
192,진주,2016,13.8,1734.6,66.3,2282.4
192,진주,2017,13.5,766.7,61.2,2616.3
192,진주,2018,13.4,1605.4,65.1,2427.1
192,진주,2019,13.9,1481.6,69.3,2620.9
192,진주,2020,13.7,1812.7,71.3,2524.6
192,진주,2021,14.1,1395,72.8,2582.6
192,진주,2022,13.8,966.2,66.8,2704.3
192,진주,2023,14.4,2304.8,72.2,2386
201,강화,2008,11.7,1333,69.7,2194.5
201,강화,2009,11.4,1448.2,68.4,2234.5
201,강화,2010,10.9,1759.2,70.5,1931.1
201,강화,2011,10.7,2063.5,70.2,2095.6
201,강화,2012,10.7,1357.5,69.3,2232.6
201,강화,2013,10.8,1273.5,75.5,2212.9
201,강화,2014,11.8,605.8,72.5,2256.8
201,강화,2015,12,647.9,66.3,2381.3
201,강화,2016,12.1,1100.9,64.4,2291
201,강화,2017,11.5,809.3,65.3,2434.2
201,강화,2018,11.3,1072.3,66,2432.2
201,강화,2019,12.2,1079.3,66.3,2472.6
201,강화,2020,11.9,1436.9,71.7,2227.6
201,강화,2021,12.3,1013.6,73.9,2233.1
201,강화,2022,11.5,1561.8,73.9,2352.1
201,강화,2023,12.1,1377.3,75.8,2152.4
202,양평,2008,11.8,1420.4,68.1,1968.9
202,양평,2009,11.9,1576.5,67.2,1999
202,양평,2010,11.4,1902.5,69.8,1761.9
202,양평,2011,11.3,2198.5,69.8,1959.4
202,양평,2012,11.4,1532,67.6,2092.8
202,양평,2013,11.7,1683.1,71.2,1995.7
202,양평,2014,12.4,790.1,69.3,2135
202,양평,2015,12.9,801.5,67.3,2228.2
202,양평,2016,12.9,935.9,65.8,2141.7
202,양평,2017,12.2,1188.4,63.2,2316.8
202,양평,2018,12.1,1355.4,63.2,2319.8
202,양평,2019,12.7,1038.6,64.5,2202.7
202,양평,2020,12.5,1366.4,70.2,2168.6
202,양평,2021,12.7,1018.9,71.9,2140
202,양평,2022,12.2,2143.4,68.7,2173.5
202,양평,2023,13.1,1538.4,69.4,2155.4
203,이천,2008,11.5,1170.7,69,2015.4
203,이천,2009,11.6,1401.5,64.7,2065
203,이천,2010,11.1,1429.6,69.1,1827.9
203,이천,2011,11,2045,66.8,2052.1
203,이천,2012,11.1,1559.2,64.4,2386.1
203,이천,2013,11.4,1366.6,66,2329.1
203,이천,2014,11.9,791.5,62.8,2332.3
203,이천,2015,12.4,842.5,62.4,2372
203,이천,2016,12.7,870.2,62.6,2311.3
203,이천,2017,11.7,1020,62.1,2498
203,이천,2018,11.7,1425.5,64.5,2502.9
203,이천,2019,12.3,997.5,66.9,2283.1
203,이천,2020,12.5,1668.8,72.5,2067.3
203,이천,2021,12.7,1076.6,72.8,2034.6
203,이천,2022,12.2,1537.3,70.7,2085.2
203,이천,2023,13.1,1633.4,73.1,2003.3
211,인제,2008,10.2,1135.7,69.3,1781.4
211,인제,2009,10.6,1403.7,67.3,1806.5
211,인제,2010,10.2,1354.1,67.3,1581.4
211,인제,2011,9.4,1778.5,69.3,1786.6
211,인제,2012,10,1023.6,66.7,2086.2
211,인제,2013,10.6,1332.1,70.4,2096.9
211,인제,2014,11.1,705.2,66.5,2149.8
211,인제,2015,11.1,755.7,67.5,2260.6
211,인제,2016,11.2,1185.7,65,2191.3
211,인제,2017,10.5,1209.3,62.1,2240.3
211,인제,2018,10.1,1214.3,65.3,2273
211,인제,2019,11.2,779.3,67.2,2083.9
211,인제,2020,11.2,1429.1,69,1901.8
211,인제,2021,11.4,923,70.2,1896.5
211,인제,2022,10.9,1497.5,68.9,1946.1
211,인제,2023,11.8,1225.6,71.3,1945.3
212,홍천,2008,11,1140.4,69,1988.3
212,홍천,2009,11.2,1540.1,66.8,1996.7
212,홍천,2010,10.9,1305.5,67.4,1760.7
212,홍천,2011,10.7,1639.6,65.7,1935.5
212,홍천,2012,10.6,1277.8,64.7,2307.4
212,홍천,2013,10.8,1302.7,69.7,2247.8
212,홍천,2014,11.7,703.5,65.3,2327.4
212,홍천,2015,12.2,740,64.8,2459.6
212,홍천,2016,12.3,967.9,65.5,2378.1
212,홍천,2017,11.3,1192.2,65.3,2502.4
212,홍천,2018,11.2,1348.6,67.3,2513.4
212,홍천,2019,12.1,871.4,67.3,2275.7
212,홍천,2020,11.6,1485.8,69.3,2105.5
212,홍천,2021,11.8,950.3,69.9,2018.8
212,홍천,2022,11.1,1707.7,68.6,1963.5
212,홍천,2023,12.1,1392.4,71,1989.4
216,태백,2008,9,959.5,66.7,2092.3
216,태백,2009,9.2,1140,63.4,2012.6
216,태백,2010,9,1120.3,64.2,1939
216,태백,2011,8.6,1973,63.8,1919.7
216,태백,2012,8.4,1523.4,66.9,1850
216,태백,2013,9.4,922.4,67.6,1958.7
216,태백,2014,9.3,1170.9,68.6,1918.5
216,태백,2015,9.8,882.8,66.6,1989.2
216,태백,2016,9.8,1141.4,69.4,1950.1
216,태백,2017,9,933.8,65.3,2133
216,태백,2018,9.3,1489.3,66.9,2064.6
216,태백,2019,9.9,1169.8,67.3,2102.6
216,태백,2020,9.6,1530.1,68.4,2022.1
216,태백,2021,9.5,1207.4,69.1,1852.3
216,태백,2022,9.1,1088.9,65.8,2084
216,태백,2023,10,1525.8,67.4,2070.6
217,정선군,2010,,524.1,,510.3
217,정선군,2011,9.8,1761.4,68.3,1676
217,정선군,2012,9.9,965.1,66,1786.6
217,정선군,2013,10.5,1250.2,69.3,1965.8
217,정선군,2014,10.8,893.7,65.1,1765.5
217,정선군,2015,11.4,724.6,64,2036.7
217,정선군,2016,11.5,1174.2,64.4,1986.1
217,정선군,2017,10.8,972.5,63.8,2034.9
217,정선군,2018,10.6,1420.9,65.7,1889.6
217,정선군,2019,11.2,798.9,65.3,1753.9
217,정선군,2020,11,1305.4,74.2,1928.5
217,정선군,2021,11.4,1112.1,67,1679.8
217,정선군,2022,10.9,1372.6,63.1,1805.9
217,정선군,2023,11.5,1399.7,65.5,1846.5
221,제천,2008,10.2,885.8,70.9,2060.2
221,제천,2009,10.2,1277.4,68.8,2112.3
221,제천,2010,9.9,1545.2,70,1883.5
221,제천,2011,9.7,2230.5,66,2020.2
221,제천,2012,9.6,1381.3,67.4,2096.4
221,제천,2013,10.1,1437.1,72.3,2023.5
221,제천,2014,10.6,913.6,69,2106.2
221,제천,2015,11.1,803.4,68,2242.7
221,제천,2016,11.3,1107.9,67.6,2135.1
221,제천,2017,10.5,1070.7,66.3,2319.6
221,제천,2018,10.5,1409.3,66.9,2337.5
221,제천,2019,11.1,843,66.6,2207.7
221,제천,2020,11,1551.8,72.7,2152.3
221,제천,2021,11.2,1162.2,73.9,2189.8
221,제천,2022,10.5,1476.6,72.8,2294
221,제천,2023,11.4,1765.7,74.6,2310.8
226,보은,2008,11.3,961.9,72.2,2105
226,보은,2009,11.4,1112.2,71.2,2133.1
226,보은,2010,11,1262.9,71.5,1964.1
226,보은,2011,10.8,1810.7,67.8,2040.7
226,보은,2012,10.7,1522.3,66.6,2091.2
226,보은,2013,11.2,1125.9,73.9,2089.4
226,보은,2014,11.5,1089.2,72.4,2062.2
226,보은,2015,12,817,69.8,2097.8
226,보은,2016,12.3,1291.6,68.6,2077.7
226,보은,2017,11.5,1322.8,67.5,2285.6
226,보은,2018,11.6,1409.5,70.4,2257.5
226,보은,2019,12.2,1046.2,70.7,2126.8
226,보은,2020,11.7,1768.8,74.5,2059.9
226,보은,2021,12.1,1097.7,75.4,2067.7
226,보은,2022,11.6,1043.5,71.7,2284.6
226,보은,2023,12.6,1870.4,74.3,2218.1
232,천안,2008,12.3,870.1,69.8,2107.4
232,천안,2009,12.3,999.9,68.8,2151.8
232,천안,2010,12.2,1378.3,70.4,1970.9
232,천안,2011,12,1845.8,67.3,2048.5
232,천안,2012,11.9,1336.7,67.2,2248.8
232,천안,2013,12.3,1095.6,70.8,2469.8
232,천안,2014,12.8,1020.1,67.1,2403.3
232,천안,2015,13,728,71.7,2124.7
232,천안,2016,12.7,1004.8,69.9,2223.8
232,천안,2017,11.8,1305,64.1,2473.1
232,천안,2018,11.8,1163.4,65.3,2396.4
232,천안,2019,12,845.6,,2256.6
232,천안,2020,12.2,1443.5,74.8,2185.3
232,천안,2021,12.5,1058.9,75.6,2177.3
232,천안,2022,12,1080.7,73.6,2320.6
232,천안,2023,13,1502.5,73.6,2134.1
235,보령,2008,13,813.5,71.2,2069.6
235,보령,2009,12.9,1081.4,70.8,2167.4
235,보령,2010,13,1502.3,71,1956.6
235,보령,2011,12.1,1743,72.3,1994.4
235,보령,2012,12.2,1319,70.5,2340.3
235,보령,2013,12.4,1387.7,73.4,2380.1
235,보령,2014,12.9,1010.1,75.7,2356.7
235,보령,2015,13.3,785.4,76.9,2298.6
235,보령,2016,13.6,792.8,78.3,2245.2
235,보령,2017,12.8,856.2,78.8,2413.2
235,보령,2018,13,1337.2,76,2289.9
235,보령,2019,13.2,821.9,70.4,1977.5
235,보령,2020,13.1,1301.9,72.8,1962.5
235,보령,2021,13.8,1107.9,71.6,2211.8
235,보령,2022,13.1,1348.2,70.3,2172.9
235,보령,2023,13.9,1726.7,71.8,2255.3
236,부여,2008,12.8,902.1,69.9,2021.9
236,부여,2009,12.8,1089.6,71,2113.3
236,부여,2010,12.7,1378.3,69.3,1909.7
236,부여,2011,12.2,2014.7,67.8,1962.1
236,부여,2012,11.8,1545.8,67.8,2104.4
236,부여,2013,12.2,1236.3,74.8,2061.2
236,부여,2014,12.7,1142.1,75.3,2050.8
236,부여,2015,12.9,848.8,75.7,2081.7
236,부여,2016,13.3,1129.3,74.3,2082.5
236,부여,2017,12.5,1112,71.1,2313.9
236,부여,2018,12.7,1457.9,71.4,2344
236,부여,2019,12.9,992,72,2172.6
236,부여,2020,12.8,1624.8,75.1,2081.3
236,부여,2021,13.3,1123.4,75.4,2113.2
236,부여,2022,12.8,1301.1,73.1,2334.4
236,부여,2023,13.7,2165,75,2205.7
238,금산,2008,11.8,902.2,68.9,2036.5
238,금산,2009,11.8,1128.6,66.5,2046.7
238,금산,2010,11.6,1403.7,68.5,1877.9
238,금산,2011,11.3,1798.5,67.1,1954.1
238,금산,2012,11.1,1434.5,67.3,2050.6
238,금산,2013,11.8,996.8,68.8,2065.7
238,금산,2014,12.1,1131,69.6,1984.1
238,금산,2015,12.6,877.6,73.1,2022.2
238,금산,2016,12.7,1325.6,71.8,2070.1
238,금산,2017,11.8,967.6,68.6,2250
238,금산,2018,12,1397.2,68.3,2265.5
238,금산,2019,12.4,982.6,68.7,2110.6
238,금산,2020,12.5,1758.2,73.7,2062
238,금산,2021,12.9,1290.1,73.9,2119.3
238,금산,2022,12.2,948.7,70,2264.3
238,금산,2023,13,1800.9,73.3,2170.2
239,세종,2019,,959.3,,1221.7
239,세종,2020,13.1,1685.8,66.7,2176
239,세종,2021,13.5,1104.6,66.8,2179
239,세종,2022,13,1222.4,64.3,2308.9
239,세종,2023,13.8,2103.3,69.3,2114.7
243,부안,2008,13.3,881.5,72.8,2048.9
243,부안,2009,13.3,1136.1,71.2,2139.5
243,부안,2010,12.8,1253.6,73.2,1972.3
243,부안,2011,12.5,1237.7,74.8,1989.7
243,부안,2012,12.5,1503.7,71.6,2023.2
243,부안,2013,12.9,1157.9,71.1,2139.3
243,부안,2014,13.1,1188.5,70.9,2048.8
243,부안,2015,13.5,924.1,71.6,2107.5
243,부안,2016,13.8,1075.5,72.2,2102.3
243,부안,2017,13.2,906.5,70.3,2322.7
243,부안,2018,13.3,1359,71.1,2348.2
243,부안,2019,13.7,1087.5,72.5,2386.6
243,부안,2020,13.5,1694.8,77.8,2111.3
243,부안,2021,14,1354,76.3,2143.3
243,부안,2022,13.5,971.2,73,2286.7
243,부안,2023,14.3,1853.6,74.8,2163.9
244,임실,2008,11.6,915.3,71.4,2008.8
244,임실,2009,11.9,1134.4,69.7,2073.5
244,임실,2010,11.5,1795.1,70.3,1813.6
244,임실,2011,10.7,1700,68.8,1963.6
244,임실,2012,10.6,1503.9,68.7,1951.1
244,임실,2013,11.2,1400,70.6,2067.1
244,임실,2014,11.5,1340.5,71.7,1974.8
244,임실,2015,12.1,843.1,71.8,1964.9
244,임실,2016,12.5,1326.5,72.4,1965.9
244,임실,2017,11.6,958.3,70.5,2182.1
244,임실,2018,12,1468.2,71.3,2205.6
244,임실,2019,12.2,1069.7,72.1,2095.8
244,임실,2020,12,1869.8,77.6,1986.3
244,임실,2021,12.5,1259.2,76.7,2080.1
244,임실,2022,12,966.7,72.3,2166.9
244,임실,2023,13.1,1984.4,74.8,2069.1
245,정읍,2008,13.8,881.2,67.6,1969.8
245,정읍,2009,13.7,1400.7,66.3,2046.1
245,정읍,2010,13.7,1748.3,67.8,1863.1
245,정읍,2011,13,1654,67.5,1939.8
245,정읍,2012,13.1,1473.4,66.6,1985.7
245,정읍,2013,13.7,1061.9,67.4,2363.6
245,정읍,2014,13.7,1261.2,69.3,2217.4
245,정읍,2015,14.1,988.5,74.5,1690
245,정읍,2016,14.3,1279.5,72.3,2248.8
245,정읍,2017,13.1,938.2,73.1,2415.3
245,정읍,2018,13.1,1305,78.6,2391.5
245,정읍,2019,13.3,1246.7,75.3,2023.6
245,정읍,2020,13.2,1718.9,71.8,1997.8
245,정읍,2021,13.8,1354.6,71.3,2236
245,정읍,2022,13.2,979.3,69.3,2363.8
245,정읍,2023,14.2,1937.7,70.2,2247.9
247,남원,2008,12.7,816.3,70.4,2062.3
247,남원,2009,12.5,1313.5,70.5,2089.3
247,남원,2010,11.6,1423.3,71.8,1886.4
247,남원,2011,12,1342.5,69.8,2112.9
247,남원,2012,11.9,1518.1,69.9,2332.2
247,남원,2013,12.6,1396.6,68.1,2390
247,남원,2014,12.7,1259.5,68.2,2177.6
247,남원,2015,12.8,869,68,2148.7
247,남원,2016,13.5,1388.5,67.6,2176.3
247,남원,2017,12.7,851.3,65.1,2362.1
247,남원,2018,13,1431.7,66.8,2418.1
247,남원,2019,13.3,1332.8,67.9,2315.4
247,남원,2020,13.1,2007.2,73.4,2162.1
247,남원,2021,13.4,1136.8,73.3,2214
247,남원,2022,12.9,811.4,69.1,2355.3
247,남원,2023,13.8,1805.7,71.7,2143.6
248,장수,2008,10.9,863.4,71.3,2054.3
248,장수,2009,11,1308.9,70.6,2076.2
248,장수,2010,11,1888.8,72.4,1877.4
248,장수,2011,10.4,1811.5,71.5,1986
248,장수,2012,10.2,1910.8,72.7,1928
248,장수,2013,10.7,1574.2,73.6,2069
248,장수,2014,11,1321.4,76.4,1948.5
248,장수,2015,11.5,1012.2,74.8,1965
248,장수,2016,11.7,1485.8,74.3,2013.2
248,장수,2017,10.8,1128.1,71.3,2187.8
248,장수,2018,11.1,1665,70.4,2194.7
248,장수,2019,11.4,1262.8,71.3,2098.2
248,장수,2020,11.2,2126,78.4,1988.7
248,장수,2021,11.6,1345.2,77.4,1959.2
248,장수,2022,11,982.6,72.2,2156.4
248,장수,2023,12,2168.1,75.3,2032
251,고창군,2008,13.6,937.7,71.7,1955.4
251,고창군,2009,13.5,1303.2,69.7,2054.3
251,고창군,2010,13.6,1784.8,72.5,1832.8
251,고창군,2011,13.2,1565.8,70.4,1923.2
251,고창군,2012,13.2,1535,68.7,1915.1
251,고창군,2013,13.5,1079.5,69.3,2022.9
251,고창군,2014,13.9,1332.7,70.3,1948.8
251,고창군,2015,13.9,966.3,72.1,1982.2
251,고창군,2016,14.3,1126.1,74.3,1972.9
251,고창군,2017,13.5,1063.3,73.8,2164.6
251,고창군,2018,12.8,1314.1,72.8,2176.8
251,고창군,2019,13.2,1121.7,71.9,2218.9
251,고창군,2020,13.3,1671.7,71.7,2110.1
251,고창군,2021,14,1174.6,71,2160.2
251,고창군,2022,13.3,652.8,71.3,2291.3
251,고창군,2023,14.1,1513.3,73.8,1941
252,영광군,2008,13.1,886.3,69.7,1979.1
252,영광군,2009,13,1203.3,70.8,2069.5
252,영광군,2010,13,1521.5,74.3,1843.9
252,영광군,2011,12.5,1297.1,75.5,1999.8
252,영광군,2012,12.6,1679.9,74.5,2277
252,영광군,2013,13.1,1204.8,,2399.2
252,영광군,2014,13.2,1433.9,74.6,2301.6
252,영광군,2015,13.5,962.6,73.8,2360.9
252,영광군,2016,13.7,1209.3,73.6,2351.9
252,영광군,2017,12.9,841.7,71.9,2564
252,영광군,2018,13.1,1378,73.8,2548.7
252,영광군,2019,13.3,1205.3,75.8,2341.2
252,영광군,2020,13.3,1787.9,75.9,2250.8
252,영광군,2021,14,1202.6,73.8,2284
252,영광군,2022,13.4,802.7,72,2440.2
252,영광군,2023,14.1,1496.1,74.3,2038.8
253,김해시,2008,,916.2,,1970.2
253,김해시,2009,15.8,1406.3,59.8,2204.2
253,김해시,2010,15.5,1353.4,62.4,2377.3
253,김해시,2011,15.3,1537.5,60.8,2186.4
253,김해시,2012,14.6,1432.2,58,2494.7
253,김해시,2013,14.9,1057.2,57.8,2696.4
253,김해시,2014,14.8,1634.8,59.9,2435.3
253,김해시,2015,15.3,1034.6,60.8,2408.4
253,김해시,2016,15.4,1634,66.5,2295.7
253,김해시,2017,14.6,755.8,62.8,2648.9
253,김해시,2018,14.8,1469.7,65.5,2567.9
253,김해시,2019,15.5,1494,64.8,2531.1
253,김해시,2020,14.8,1702.5,66,2362.1
253,김해시,2021,15.1,1552.6,66.7,2243
253,김해시,2022,14.9,874,62.1,2440
253,김해시,2023,15.5,1879.6,67.8,2325.4
254,순창군,2008,,267.8,,881.9
254,순창군,2009,12.5,1543.8,70.2,2118.2
254,순창군,2010,12.4,1768,70.6,1875
254,순창군,2011,12.6,1442,67.8,2119.6
254,순창군,2012,12.5,1607.9,67.3,2343.1
254,순창군,2013,13,1303.1,69.3,2411.2
254,순창군,2014,13.1,1476.9,70.3,2286.4
254,순창군,2015,13.3,1061.1,72.6,2279.5
254,순창군,2016,12.7,1509.9,73,2328.3
254,순창군,2017,12.2,1023.2,70.2,2538.4
254,순창군,2018,12.8,1523.3,73.8,2523.4
254,순창군,2019,13,1284.2,73.1,2296.4
254,순창군,2020,13,2133.7,74.5,2033.1
254,순창군,2021,13.6,1232.6,75.3,2109.9
254,순창군,2022,13.1,877.1,71.8,2196.6
254,순창군,2023,13.8,2097.3,74.6,2071.4
255,북창원,2009,14.4,1283.4,63,2056.6
255,북창원,2010,14.1,1287,63.3,2033.9
255,북창원,2011,13.9,1495.8,59.3,2059.3
255,북창원,2012,13.7,1828.5,,2137.2
255,북창원,2013,14.5,1114.9,58.4,2350.1
255,북창원,2014,14.4,1549.4,66.6,2033.8
255,북창원,2015,14.5,1101.1,69,2133
255,북창원,2016,14.9,1985.7,68.6,2206.6
255,북창원,2017,14.7,945.7,62.8,2529.1
255,북창원,2018,14.4,1654.9,65.5,2360.3
255,북창원,2019,14.2,1675.3,66,2357.4
255,북창원,2020,15.2,1798.6,67.3,2203.5
255,북창원,2021,15.8,1555.8,68.8,2138.3
255,북창원,2022,15.4,996.5,62.4,2305.7
255,북창원,2023,16.1,2087,67.7,2147.8
256,주암,2008,13.1,957.5,72,1884.7
256,주암,2009,13.1,1643.6,72.8,1891.1
256,주암,2010,13,1859.1,73.8,1737.1
256,주암,2011,,1762,,1872
256,주암,2012,,403.1,,806.6
257,양산시,2009,,1298,,2086
257,양산시,2010,14.7,1462.5,61.4,2097.7
257,양산시,2011,14.6,1606.4,57.5,2106.6
257,양산시,2012,14.3,1621.4,57.2,2196.9
257,양산시,2013,15,1092.3,55.6,2631.8
257,양산시,2014,14.6,1767.4,62.7,2339.1
257,양산시,2015,14.9,1236,62.8,2355.2
257,양산시,2016,15.3,1978.8,65.8,2165.5
257,양산시,2017,15.1,720.2,65,2468.5
257,양산시,2018,14.8,1589.2,67.7,2282.9
257,양산시,2019,15.4,1536.1,67.1,2264.7
257,양산시,2020,15,1892.5,67.7,2131.8
257,양산시,2021,15.4,1708.2,69.5,2131.7
257,양산시,2022,15.3,932.5,63.8,2232.8
257,양산시,2023,16,2172,68.3,2163.7
258,보성군,2010,,1640.8,,1905.4
258,보성군,2011,13.7,1680.2,68.3,2323.6
258,보성군,2012,13.6,1779.9,70.7,2216.2
258,보성군,2013,14.2,1313.8,68.4,2461.1
258,보성군,2014,14.2,1619.2,66,2215.5
258,보성군,2015,14.6,1211.6,65.9,2212.9
258,보성군,2016,14.7,1599.8,69.8,2263.3
258,보성군,2017,14.1,918.1,67.7,2569.3
258,보성군,2018,14.1,1430.1,70.8,2502
258,보성군,2019,14.3,1527.2,70.1,2498.2
258,보성군,2020,14.6,1716.2,73.3,2231.1
258,보성군,2021,15,1708.3,73.9,2348.6
258,보성군,2022,14.6,1056.4,70.1,2402.7
258,보성군,2023,15,2015.6,75.9,2245.8
259,강진군,2009,,37,,255
259,강진군,2010,13.3,1556.9,73.7,1950.7
259,강진군,2011,13.1,1439.1,71.4,2131.5
259,강진군,2012,13.1,1703.4,69.3,2129.7
259,강진군,2013,13.6,1205.3,69.8,2523.4
259,강진군,2014,13.6,1513.2,71.8,2254.2
259,강진군,2015,13.9,1240.4,73.9,2208.9
259,강진군,2016,14.4,1619.4,75.8,2143.4
259,강진군,2017,,816.2,,2367.3
259,강진군,2018,14,1634.5,71.9,2348.3
259,강진군,2019,14.3,1481.6,69.5,2306
259,강진군,2020,14.2,1654.4,71.1,2196.6
259,강진군,2021,14.8,1494.8,73.8,2103.1
259,강진군,2022,14.5,1033.3,70.8,2182.3
259,강진군,2023,15,1933.3,75.8,1999.4
260,장흥,2008,13.5,981.6,71.2,1968.2
260,장흥,2009,13.8,1461.5,69,2052.1
260,장흥,2010,13.6,1748.8,70.5,1821.1
260,장흥,2011,13.5,1583.8,70.1,2040.3
260,장흥,2012,13.3,1774.7,71.6,1903
260,장흥,2013,13.7,1157.3,74.6,2128.3
260,장흥,2014,13.7,1546,75.8,1956.4
260,장흥,2015,13.9,1161,76.5,2020.6
260,장흥,2016,14.3,1513.2,76.1,2096.1
260,장흥,2017,13.8,969.7,72.5,2337.3
260,장흥,2018,13.8,1410.9,74.7,2152.3
260,장흥,2019,14.2,1517.4,72.5,2280.1
260,장흥,2020,13.7,1692.2,73.9,2198.6
260,장흥,2021,14.2,1475.5,75.3,2332.5
260,장흥,2022,13.9,915.9,71.7,2411.3
260,장흥,2023,14.4,1985.1,77,2233.9
261,해남,2008,13.6,1098.1,73,1981.3
261,해남,2009,13.8,1277.7,72.7,2054.6
261,해남,2010,13.7,1495.5,74.1,1811.8
261,해남,2011,13,1498.9,73.7,1971.9
261,해남,2012,13.2,1695.4,74.9,1983.2
261,해남,2013,13.7,1077.7,72.3,2091.5
261,해남,2014,13.7,1173.1,73.6,1994.5
261,해남,2015,13.9,1157.8,78.4,2049.3
261,해남,2016,14,1360.2,75.8,2104.5
261,해남,2017,13.4,725.3,70.3,2374.1
261,해남,2018,13.2,1297.1,75.1,2288.8
261,해남,2019,13.2,1222,76.3,2305.9
261,해남,2020,13.4,1450.3,76.5,2181.2
261,해남,2021,13.9,1387.9,76.3,2346.8
261,해남,2022,13.5,794.5,75.2,2427.8
261,해남,2023,14.6,1619.3,78.7,2211.3
262,고흥,2008,13.9,944.7,70.1,2044.3
262,고흥,2009,14,1286.2,66.8,2057.9
262,고흥,2010,13.7,1533.2,68.8,1969.7
262,고흥,2011,13.7,1716.1,68,2096.7
262,고흥,2012,13.5,1791.9,69,2055.5
262,고흥,2013,14,1182.8,71.4,2282.9
262,고흥,2014,14,1851.4,72.8,2050.3
262,고흥,2015,14.1,1379.7,76.5,2106.2
262,고흥,2016,14.2,1641.9,77.5,2099.5
262,고흥,2017,13.7,1115.4,70.4,2409.3
262,고흥,2018,13.6,1458.8,73.7,2306.5
262,고흥,2019,13.9,1676.5,72.3,2187.3
262,고흥,2020,13.6,1520.2,73.4,2201.3
262,고흥,2021,14.3,1339.8,73.1,2314.2
262,고흥,2022,13.9,929.7,69.3,2353.7
262,고흥,2023,14.5,1702,74.9,2161.2
263,의령군,2010,,918,,1066.8
263,의령군,2011,13,1766.3,72.8,2185.1
263,의령군,2012,12.8,1403.6,72.5,2072.6
263,의령군,2013,12.8,988.9,75,2453.1
263,의령군,2014,12.2,1380.4,74.4,2090.1
263,의령군,2015,12.9,1077.2,76.1,2106.7
263,의령군,2016,13.3,1474,76,2072.7
263,의령군,2017,13.6,876.8,69.6,2425.8
263,의령군,2018,13.5,1561.6,70,2274.9
263,의령군,2019,14,1272.8,69.4,2288.6
263,의령군,2020,13.9,1747.5,69.3,2261.5
263,의령군,2021,14.3,1205.5,68.3,2238.6
263,의령군,2022,13.9,784.2,64.1,2413.2
263,의령군,2023,14.5,1939.9,,2146.7
264,함양군,2010,,1282.1,,992.3
264,함양군,2011,12.3,1502.3,69.1,2137.4
264,함양군,2012,12.2,1576.8,73.3,2096.2
264,함양군,2013,12.8,1096.2,74.2,2274.4
264,함양군,2014,12.6,1305.1,75.3,2097.8
264,함양군,2015,13,985.4,75.7,2052.8
264,함양군,2016,13.6,1128,73.4,2060.9
264,함양군,2017,12.8,614.6,71.1,2304.2
264,함양군,2018,12.7,1666.7,75.9,2280.5
264,함양군,2019,13.2,1464.6,74.5,2272.3
264,함양군,2020,13,1910.6,69,2176.8
264,함양군,2021,13.3,1014.9,66.8,2092
264,함양군,2022,13.1,801.5,64.7,2313.7
264,함양군,2023,13.8,1701,69.8,2106.1
266,광양시,2011,,1936,,1915.9
266,광양시,2012,14.7,1891.1,65.7,2353.4
266,광양시,2013,15.1,1366.9,68.7,2575.9
266,광양시,2014,14.9,1504.3,71.2,2324.7
266,광양시,2015,15.4,1205.6,71,2405.3
266,광양시,2016,15.4,1607.4,74.1,2231.6
266,광양시,2017,14.9,824.4,68.2,2549.3
266,광양시,2018,14.8,1695,65.7,2374.2
266,광양시,2019,15.4,1566.1,58.8,2382.3
266,광양시,2020,15,1821,61.3,2294.8
266,광양시,2021,15.5,1423,65.6,2340.2
266,광양시,2022,15.2,1054.7,62.3,2387.5
266,광양시,2023,15.5,2274.6,68.3,2199.1
268,진도군,2014,,1008.3,,1225
268,진도군,2015,14.1,1330.6,79.3,2069.3
268,진도군,2016,14.5,1569.1,79.8,2047.2
268,진도군,2017,14,787.6,74.4,2138.5
268,진도군,2018,14.1,1589.5,75.4,2202.7
268,진도군,2019,14.2,1538.8,73.6,2155.7
268,진도군,2020,14.2,1515.5,76.8,1946.1
268,진도군,2021,,1549.1,77.3,2065.9
268,진도군,2022,14,903.1,75.5,2138.5
268,진도군,2023,14.6,1540.8,77.8,2018
271,봉화,2008,10,1027.9,70.3,2131.6
271,봉화,2009,10.1,1066.5,69.3,2087
271,봉화,2010,9.5,1066.7,70.7,1918.6
271,봉화,2011,9.6,1589.9,70.3,1961.4
271,봉화,2012,9.1,1220.2,70.8,1995
271,봉화,2013,9.6,1067.4,72,2083.2
271,봉화,2014,9.9,991.7,69.3,2031.6
271,봉화,2015,10.3,589.2,69.5,2132.9
271,봉화,2016,10.8,1044.8,67.5,2188.5
271,봉화,2017,10.3,795.3,66.1,2238
271,봉화,2018,10.3,1290.7,66.7,2253.6
271,봉화,2019,11,1005.8,68.6,2160.1
271,봉화,2020,10.8,1297.3,72.9,2076.4
271,봉화,2021,10,1129.1,73.7,2064.6
271,봉화,2022,10.8,1014.3,70.8,2189.7
271,봉화,2023,11.6,1828.7,73,2205.5
272,영주,2008,11.7,1063.1,67.3,2191.9
272,영주,2009,11.7,1133.7,64.8,2118.3
272,영주,2010,11.3,1236.3,67.3,1977.3
272,영주,2011,11.4,1729.3,63.5,2040.5
272,영주,2012,11.2,1431,63.3,2116.5
272,영주,2013,11.6,1180.8,65.3,2200
272,영주,2014,12,1156.4,64.8,2157.4
272,영주,2015,12.5,771.2,66.2,2278
272,영주,2016,12.3,1263.3,65.2,2180.2
272,영주,2017,11.6,1055.3,61.6,2521.8
272,영주,2018,11.6,1591.5,62.1,2513.6
272,영주,2019,12.1,996.4,63.8,2396
272,영주,2020,12,1499.9,69.1,2211.4
272,영주,2021,12,1346.5,71.5,2206.4
272,영주,2022,11.8,1083.8,68,2331
272,영주,2023,12.4,2216.1,71.4,2271.7
273,문경,2008,12,974.8,64.5,2057.3
273,문경,2009,12.1,1187.2,62.9,2013.9
273,문경,2010,11.2,1238,65.1,1818.4
273,문경,2011,11.6,1666.1,60.8,2001
273,문경,2012,11.5,1395.5,59.6,2099.3
273,문경,2013,12.1,1273.6,62.4,2195
273,문경,2014,12.2,1006,61.2,2103.2
273,문경,2015,12.5,765.3,59.8,2204.1
273,문경,2016,12.3,1193.8,60.1,2128.5
273,문경,2017,12.4,1292.8,56.5,2425.8
273,문경,2018,12.4,1360.1,56.9,2317.7
273,문경,2019,12.9,1082.5,63.7,2257.3
273,문경,2020,12.5,1694.4,68.4,2184.3
273,문경,2021,12.5,1367.3,70.7,2088.5
273,문경,2022,12.5,1041.8,66.5,2318.6
273,문경,2023,13.2,1942.7,69.6,2255.7
276,청송군,2010,,183.9,,653.2
276,청송군,2011,10.7,1008.2,70.4,2074.4
276,청송군,2012,10.4,978,67.5,2108.8
276,청송군,2013,11,868.9,69.3,2205.7
276,청송군,2014,11,907.7,65.5,1970.4
276,청송군,2015,11.6,707.3,68.9,2088.5
276,청송군,2016,11.8,1008,68.3,1967.4
276,청송군,2017,11.2,783.9,66.1,2184.4
276,청송군,2018,11.2,1139.7,68.4,2239.6
276,청송군,2019,11.7,982.8,75.3,2262.2
276,청송군,2020,11.5,1285.8,77.3,2190.8
276,청송군,2021,11.5,987.7,68,2109.9
276,청송군,2022,11.3,638.5,64.8,2316.1
276,청송군,2023,12,1482.2,69.4,2317.6
277,영덕,2008,13.6,729.3,63.7,2249.5
277,영덕,2009,13.7,808,61.6,2170.5
277,영덕,2010,13.3,868,62.5,2187.9
277,영덕,2011,13.1,1008.5,63.1,2101.1
277,영덕,2012,12.9,1119,63.3,2200.9
277,영덕,2013,13.5,863.4,60.8,2288.4
277,영덕,2014,12.9,1234.3,63.4,2085.1
277,영덕,2015,13.5,811.3,63.3,2301.9
277,영덕,2016,13.8,1088.3,64.2,2354.1
277,영덕,2017,13.7,880.3,59.2,2610.6
277,영덕,2018,13.4,1365.4,62.5,2514.6
277,영덕,2019,14.3,1455.9,64.1,2477.8
277,영덕,2020,13.5,1308.8,66.8,2378.6
277,영덕,2021,13.5,1287,69.3,2241.6
277,영덕,2022,13.4,802.2,64.5,2409.7
277,영덕,2023,14.1,1228.7,67.3,2462.6
278,의성,2008,11.8,786.2,69.3,2121
278,의성,2009,12.1,768.6,67.1,2098.6
278,의성,2010,11.7,1062.1,68.7,1998.5
278,의성,2011,11.5,1130.5,66.8,2056.8
278,의성,2012,11.3,1007.9,67.2,2090.5
278,의성,2013,11.9,851,69.2,2182.9
278,의성,2014,11.7,869.4,68.3,2037.9
278,의성,2015,12.1,596.5,69.1,2166.5
278,의성,2016,12.7,1017.5,70.5,2224.6
278,의성,2017,11.9,691.7,63.8,2518.7
278,의성,2018,12.4,1079.4,64.7,2448.1
278,의성,2019,12.9,831.3,65.1,2374.3
278,의성,2020,12.3,1128.9,71.3,2174.3
278,의성,2021,12.4,961.7,73.6,2079.9
278,의성,2022,12.2,615.1,68.6,2295.8
278,의성,2023,12.9,1575.4,73.1,2224.3
279,구미,2008,13.3,760.2,64.3,2081.3
279,구미,2009,13.5,741.3,60.4,2060.2
279,구미,2010,13.1,1153.5,62.5,1959.4
279,구미,2011,12.8,1204.3,59.9,2047.5
279,구미,2012,12.5,1309.6,64.1,2361.3
279,구미,2013,13.4,895.2,64.7,2537
279,구미,2014,13.5,1222.8,64.4,2272.1
279,구미,2015,14.1,779,68.3,2246.3
279,구미,2016,14.2,1208,71.3,2005.5
279,구미,2017,13.7,688.6,67.1,2341
279,구미,2018,13.6,1410.1,70,2310.5
279,구미,2019,14.2,1133.2,70.5,2294.6
279,구미,2020,13.9,1469.5,68.8,2254.7
279,구미,2021,13.9,1098,65.5,2175.2
279,구미,2022,13.9,792.9,59.8,2376.8
279,구미,2023,14.4,1772.6,64.1,2229.7
281,영천,2008,12.7,774.3,65.6,2168.3
281,영천,2009,12.7,866.6,62.3,2117.9
281,영천,2010,12.4,1030,64.8,2030.7
281,영천,2011,12.5,1127.1,62.7,2015.1
281,영천,2012,12.3,1316,62.9,2099.4
281,영천,2013,13,971.7,63.3,2244.7
281,영천,2014,12.8,1193.9,65.6,1994.3
281,영천,2015,13.5,838.7,66,2179
281,영천,2016,13.9,1175.2,66.2,2250.4
281,영천,2017,13.5,713.9,58.7,2570.8
281,영천,2018,13.3,1149.8,61.3,2419.2
281,영천,2019,14.1,1038,61.2,2408.1
281,영천,2020,13.3,1234.5,67.2,2193.8
281,영천,2021,13.3,1094.2,69.9,2133.4
281,영천,2022,13.2,676,64.4,2252.2
281,영천,2023,13.9,1296,68.8,2274.7
283,경주시,2010,,261.4,,759.5
283,경주시,2011,12.5,1108.8,66.4,2137.7
283,경주시,2012,12.4,1274.5,64.5,2178.3
283,경주시,2013,13.2,820.8,64,2378.9
283,경주시,2014,12.9,1274.1,66.1,2044.1
283,경주시,2015,13.5,976.7,69,2049.7
283,경주시,2016,14,1251.4,68,2227.6
283,경주시,2017,13.7,590.7,64.8,2580.4
283,경주시,2018,13.5,1303.7,69.3,2329.7
283,경주시,2019,14.1,1239.8,68.8,2322
283,경주시,2020,13.9,1371.6,68.2,2368.8
283,경주시,2021,13.9,1112.1,69.2,2146.7
283,경주시,2022,13.8,829.5,64.3,2351.3
283,경주시,2023,14.5,1146.5,66.9,2324.3
284,거창,2008,12.1,615.7,66.3,2102.3
284,거창,2009,12,975.3,65.7,2103.5
284,거창,2010,11.8,1548.5,70,1960.1
284,거창,2011,11.6,1321.3,68.7,2138.6
284,거창,2012,11.4,1538.8,68.9,2149.6
284,거창,2013,12,1085.8,67.8,2588.2
284,거창,2014,12,1242.4,66.1,2312
284,거창,2015,12.4,1031.2,71.3,2268.5
284,거창,2016,12.7,1229.8,71.8,2168.6
284,거창,2017,12.2,782.8,67.3,2435.7
284,거창,2018,12.3,1215.6,70.6,2230.2
284,거창,2019,12.7,1232.4,70.3,2213.2
284,거창,2020,12.5,1726.7,71.2,2365.7
284,거창,2021,12.8,1080.2,71.5,2326.5
284,거창,2022,12.6,638.8,67,2484.3
284,거창,2023,12.9,1625.4,71.8,2390.7
285,합천,2008,13.2,767,67.4,2187.6
285,합천,2009,13.6,1066,64.5,2141.6
285,합천,2010,13.2,1547.1,67.2,2032.5
285,합천,2011,13.2,1624.5,64.8,2129.2
285,합천,2012,12.9,1795.4,64.8,2128.9
285,합천,2013,13.3,1276,65,2342.2
285,합천,2014,13.1,1292.1,65.1,2063.5
285,합천,2015,13.4,1044.5,66.4,2123.9
285,합천,2016,13.8,1505.6,66.5,2231.6
285,합천,2017,13.5,780,61.3,2574
285,합천,2018,13.3,1479.4,65.6,2431.4
285,합천,2019,13.8,1417.6,64.9,2339.6
285,합천,2020,13.5,1733.5,72.8,2138.8
285,합천,2021,13.9,1146.4,72.3,2030.7
285,합천,2022,13.7,794.3,64.4,2355
285,합천,2023,14.4,1771.4,68.8,2153.4
288,밀양,2008,13.6,807.5,63.7,2175.6
288,밀양,2009,14.5,1130.8,61.7,2163.9
288,밀양,2010,13.6,1251.5,64.3,2074.8
288,밀양,2011,13.5,1529.8,62.9,2100.2
288,밀양,2012,13.4,1370.4,62.3,2154.4
288,밀양,2013,14.1,1036.5,61.9,2365.6
288,밀양,2014,14,1212.4,63,2041.9
288,밀양,2015,14.2,951.3,67.5,2124.8
288,밀양,2016,14.7,1568.2,68.1,2094.7
288,밀양,2017,14.2,558.1,61,2403.5
288,밀양,2018,13.8,1337,65.6,2348.1
288,밀양,2019,14.3,1181.1,64.7,2338.6
288,밀양,2020,14.1,1398.8,64.7,2378.5
288,밀양,2021,14.5,1202.5,65,2340.7
288,밀양,2022,14.6,843.2,58.8,2456.7
288,밀양,2023,15,1874,62.6,2327.7
289,산청,2008,13.2,785.5,64,2078.7
289,산청,2009,13.4,1169,63,2054.3
289,산청,2010,13,2189.5,66.4,1910.5
289,산청,2011,13.1,2013.1,62.8,2049.9
289,산청,2012,12.8,1914.2,63.5,1981.7
289,산청,2013,13.3,1253.6,63.1,2311
289,산청,2014,13,1538.9,63.7,2240.4
289,산청,2015,13.3,1397.2,64.2,2291.6
289,산청,2016,13.8,1530,63.8,2174.7
289,산청,2017,13.3,770.8,64.3,2434.2
289,산청,2018,13.1,1601.5,68.7,2303.4
289,산청,2019,13.7,1769.9,67.9,2275.4
289,산청,2020,13.3,2136.8,70.1,2161.2
289,산청,2021,13.6,1142.8,71,2117.2
289,산청,2022,13.4,971.4,66.8,2297
289,산청,2023,13.9,1938.2,71.8,2124.3
294,거제,2008,14.4,1206.9,64,2034.8
294,거제,2009,14.4,1948.7,63.1,2031
294,거제,2010,14.4,1959.7,64.2,1960.2
294,거제,2011,14.1,1734.6,65.7,1980.7
294,거제,2012,14.2,2037,63.7,2071.3
294,거제,2013,14.9,1256.3,61.9,2235.3
294,거제,2014,14.8,2257.1,62.5,2016.2
294,거제,2015,14.9,1778.4,63.1,2065.2
294,거제,2016,15.6,2262.6,71.5,1885
294,거제,2017,15.2,1411.1,68.4,2449.6
294,거제,2018,15,2507.6,72.5,2341.5
294,거제,2019,15.6,2268.7,70.8,2368.6
294,거제,2020,14.7,2481.8,69.8,2143.1
294,거제,2021,15.2,2227.9,69.9,2171.9
294,거제,2022,14.8,1294.1,66.3,2246.8
294,거제,2023,15.3,2585.5,71.4,2114.9
295,남해,2008,14.5,1081.4,64.9,2187.4
295,남해,2009,14.5,1676,63.3,2160.3
295,남해,2010,14.2,2160.2,66.5,2073.9
295,남해,2011,14.1,2183.4,64.7,2165.3
295,남해,2012,13.9,2208.7,63.8,2194.2
295,남해,2013,14.8,1590.5,63.7,2436.1
295,남해,2014,14.7,2058.4,66.6,2113
295,남해,2015,14.7,1789.3,66.3,2186.6
295,남해,2016,15.1,2400.8,68.1,2233.2
295,남해,2017,14.9,1157.8,65.9,2559.9
295,남해,2018,14.6,2203.6,68.2,2407.8
295,남해,2019,15.2,2171.7,67,2463
295,남해,2020,14.6,2258,69.3,2287.2
295,남해,2021,15.1,1981.4,70,2269.8
295,남해,2022,14.7,1338.2,65.8,2345.5
295,남해,2023,15.3,2699.2,70.5,2208.4
296,북부산,2023,,1973.5,,2057.6
